Date,Source,Title,Link,Subject,Subject Confidence,Story Type
2025-04-18,NPR,FDA to propose stricter food safety laws,https://www.npr.org/fda-food-safety,General,0.0,In the News
2025-04-18,BBC News,UK announces new trade agreement with EU,https://www.bbc.com/news/eu-trade-deal,The Global Economy,0.17,In the News
2025-04-18,CNN,President addresses education reforms,https://www.cnn.com/education-reform-speech,The Executive Branch,0.2,In the News
2025-04-18,NPR,Thousands of federal workers would be easier to fire under Trump rule change,https://www.npr.org/2025/04/18/nx-s1-5369550/trump-federal-workers-schedule-f,General,,
2025-04-18,NPR,History shows revoking Harvard's tax status won't be easy — or fast,https://www.npr.org/2025/04/18/nx-s1-5368120/trump-harvard-tax-irs-antisemitism,General,,
2025-04-18,NPR,"'Lab Leak,' a flashy page on the virus' origins, replaces government COVID sites",https://www.npr.org/sections/shots-health-news/2025/04/18/g-s1-61324/lab-leak-white-house-covid-origins,General,,
2025-04-18,NPR,"30 years later, Oklahoma City bombing survivor recalls vow to change her life while trapped",https://www.npr.org/2025/04/18/nx-s1-5366841/30-year-anniversary-oklahoma-city-bombing-survivor-amy-downs-trapped-life-change,General,,
2025-04-18,NPR,Nearly 300 scientists apply for French academic program amid Trump cuts in U.S.,https://www.npr.org/2025/04/18/nx-s1-5368132/us-researchers-scientists-apply-french-university-program,General,,
2025-04-18,NPR,VA officials acknowledge the need for privacy for telehealth therapy,https://www.npr.org/sections/shots-health-news/2025/04/18/nx-s1-5369446/veterans-mental-health-privacy-telehealth-trump,General,,
2025-04-18,NPR,Journalist Joy-Ann Reid revisits the legacy and marriage of Medgar and Myrlie Evers,https://www.npr.org/2025/04/18/g-s1-61259/journalist-joy-ann-reid-revisits-the-legacy-and-marriage-of-medgar-and-myrlie-evers,General,,
2025-04-18,NPR,How FDA cuts could make the food and drug supply less safe,https://www.npr.org/sections/shots-health-news/2025/04/18/nx-s1-5364544/fda-inspections-layoffs-food-and-drug-supply-less-safe,General,,
2025-04-18,NPR,Ukraine sanctions 3 Chinese companies as tensions between Kyiv and Beijing rise,https://www.npr.org/2025/04/18/g-s1-61245/ukraine-sanctions-3-chinese-companies-as-tensions-between-kyiv-and-beijing-rise,World Leaders,,
2025-04-18,NPR,Tariffs threaten to push auto insurance rates even higher,https://www.npr.org/2025/04/18/nx-s1-5369346/tariffs-auto-insurance-rate-hikes,General,,
2025-04-18,BBC News,Trump says US will 'pass' on Ukraine peace talks if no progress soon,https://www.bbc.com/news/articles/c20x5xn1g92o,General,,
2025-04-18,BBC News,British woman killed in Naples cable car crash named,https://www.bbc.com/news/articles/c4grkzvlkwno,General,,
2025-04-18,BBC News,Pubs to stay open late for VE Day 80th anniversary,https://www.bbc.com/news/articles/ckg24x5l404o,General,,
2025-04-18,BBC News,Eurostar trains hit by delays ahead of Easter weekend,https://www.bbc.com/news/articles/czjnpwwwz32o,General,,
2025-04-18,BBC News,Starmer and Trump discuss 'productive' trade talks,https://www.bbc.com/news/articles/c8073jzr1xko,World Leaders,,
2025-04-18,BBC News,Ryan Gosling to star in new Star Wars film,https://www.bbc.com/news/articles/clyq9d35ljro,General,,
2025-04-18,BBC News,"Eyesight rules for motorists unsafe, says coroner",https://www.bbc.com/news/articles/czrv1g2yl0xo,General,,
2025-04-18,BBC News,"British man, 27, killed by avalanche in French Alps",https://www.bbc.com/news/articles/cyvq82e53l6o,General,,
2025-04-18,BBC News,Fast-food chain praises Katy Perry after 'can we send her back' space tweet,https://www.bbc.com/news/articles/ckgek8engwmo,General,,
2025-04-18,BBC News,Hopes for Iran nuclear talks tempered by threats and mixed messages,https://www.bbc.com/news/articles/cwy7n905jqdo,General,,
2025-04-18,CNN,Trump pleads not guilty to 34 felony counts,https://edition.cnn.com/webview/politics/live-news/trump-indictment-stormy-daniels-news-04-03-23/index.html,General,,
2025-04-18,CNN,Haberman reveals why Trump attacked judge and his family in speech,https://www.cnn.com/videos/politics/2023/04/05/maggie-haberman-donald-trump-speech-indictment-reaction-sot-cnntm-vpx.cnn,General,,
2025-04-18,CNN,What to know about the Trump indictment on the eve of his court appearance,https://www.cnn.com/collections/intl-trump-040223/,General,,
2025-04-18,CNN,READ: Trump indictment related to hush money payment,https://cnn.it/411KYN7,General,,
2025-04-18,CNN,Russian authorities detain suspect over St. Petersburg cafe blast,https://edition.cnn.com/webview/europe/live-news/russia-ukraine-war-news-04-03-23/index.html,General,,
2025-04-18,CNN,Video shows moment of deadly explosion at cafe in Russia,https://www.cnn.com/videos/world/2023/04/02/russian-military-blogger-vladlen-tatarsky-killed-cafe-explosion-chance-vpx.cnn,General,,
2025-04-18,CNN,"Wall Street Journal reporter Evan Gershkovich appeals against arrest, Russian state media says",https://www.cnn.com/collections/intl-ukraine-030423/,Business & the Economy,,
2025-04-18,CNN,Suspected Chinese spy balloon was able to transmit information back to Beijing,https://www.cnn.com/2023/04/03/politics/chinese-spy-balloon/index.html,General,,
2025-04-18,CNN,Beijing promised to 'fight back' over Taiwan leader's US visit. But this time it has more to lose,https://www.cnn.com/2023/04/04/asia/tsai-ing-wen-taiwan-mccarthy-meeting-analysis-intl-hnk/index.html,General,,
2025-04-18,CNN,"'Scary, cold, hungry and lonely': Volunteer soldier shares experience on front line",https://www.cnn.com/videos/world/2023/04/03/soldiers-russia-ukraine-war-david-mckenzie-pkg-ovn-intl-ldn-vpx.cnn,General,,
2025-04-18,The Guardian,"Congo boat disaster death toll rises to 148, with more than 100 still missing",https://www.theguardian.com/world/2025/apr/18/congo-boat-disaster-death-toll-rises-to-148-with-more-than-100-still-missing,General,,
2025-04-18,The Guardian,ICJ hears Sudan case accusing UAE of ‘complicity in genocide’,https://www.theguardian.com/world/2025/apr/17/icj-hears-sudan-case-accusing-uae-complicity-genocide,Human Rights,,
2025-04-18,The Guardian,"Move over, Med diet – plantains and cassava can be as healthy as tomatoes and olive oil, say researchers",https://www.theguardian.com/global-development/2025/apr/17/mediterranean-diet-african-food-tanzania-heritage-traditional-healthy,General,,
2025-04-18,The Guardian,US pastor kidnapped during sermon in South Africa rescued after shootout,https://www.theguardian.com/world/2025/apr/16/us-pastor-kidnapped-during-sermon-in-south-africa-rescued-after-shootout,General,,
2025-04-18,The Guardian,UK conference on Sudan fails to set up contact group for ceasefire talks,https://www.theguardian.com/world/2025/apr/15/uk-conference-hopes-to-map-pathway-to-end-suffering-in-sudan,General,,
2025-04-18,The Guardian,France expels 12 Algerian officials as row over alleged kidnapping escalates,https://www.theguardian.com/world/2025/apr/15/france-expels-12-algerian-officials-as-row-over-activists-kidnapping-escalates,General,,
2025-04-18,The Guardian,Wife of Kilmar Ábrego García speaks as White House defiant over US return,https://www.theguardian.com/us-news/2025/apr/18/kilmar-abrego-garcia-wife-interview,General,,
2025-04-18,The Guardian,Dramatic rise in fake political content on social media as Canada prepares to vote,https://www.theguardian.com/world/2025/apr/18/canada-fake-political-content-social-media,General,,
2025-04-18,The Guardian,"‘We’re going to stand up to Trump,’ says Mark Carney in second Canadian election debate",https://www.theguardian.com/world/2025/apr/18/were-going-to-stand-up-to-trump-says-mark-carney-in-second-canadian-election-debate,General,,
2025-04-18,The Guardian,Maryland senator meets Kilmar Ábrego García in El Salvador amid battle over US return,https://www.theguardian.com/us-news/2025/apr/17/chris-van-hollen-kilmar-abrego-garcia-el-salvador,General,,
2025-04-18,Al Jazeera,Image of Gaza airstrike survivor wins 2025 World Press Photo of the Year,https://www.aljazeera.com/program/newsfeed/2025/4/18/image-of-gaza-airstrike-survivor-wins-2025-world-press-photo-of-the-year?traffic_source=rss,General,,
2025-04-18,Al Jazeera,"Deadly, sombre Good Friday as 50 people killed in Israeli attacks on Gaza",https://www.aljazeera.com/news/2025/4/18/deadly-sombre-good-friday-as-50-people-killed-in-israeli-attacks-on-gaza?traffic_source=rss,General,,
2025-04-18,Al Jazeera,Did Xi Jinping succeed in winning support against Trump’s tariff war?,https://www.aljazeera.com/program/inside-story/2025/4/18/did-xi-jinping-succeed-in-winning-support-against-trumps-tariff-war?traffic_source=rss,General,,
2025-04-18,Al Jazeera,"Allies say Ghannouchi ‘unjustly’ held, as he marks 2 years in Tunisian jail",https://www.aljazeera.com/news/2025/4/18/allies-say-ghannouchi-unjustly-held-as-he-marks-2-years-in-tunisian-jail?traffic_source=rss,General,,
2025-04-18,Al Jazeera,"Barcelona vs Celta Vigo – LaLiga preview: Team news, how to follow, stream",https://www.aljazeera.com/sports/2025/4/18/barcelona-vs-celta-vigo-laliga-preview-team-news-how-to-follow-stream?traffic_source=rss,General,,
2025-04-18,Al Jazeera,"Trump says US may ‘pass’ on helping end war if Russia, Ukraine resist deal",https://www.aljazeera.com/news/2025/4/18/trump-says-us-may-pass-on-helping-end-war-if-russia-ukraine-resist-deal?traffic_source=rss,General,,
2025-04-18,Al Jazeera,Why did ICE deport Kilmar Abrego Garcia?,https://www.aljazeera.com/program/the-take-2/2025/4/18/aje-onl-tt_usa_kilmarabregogarcia_av_v3?traffic_source=rss,General,,
2025-04-18,Al Jazeera,‘How do I live like this?’ asks Gaza boy who lost arms in Israeli attack,https://www.aljazeera.com/news/2025/4/18/how-do-i-live-like-this-asks-gaza-boy-who-lost-arms-in-israeli-attack?traffic_source=rss,General,,
2025-04-18,Al Jazeera,Russia jails 19-year old for condemning its war in Ukraine,https://www.aljazeera.com/news/2025/4/18/russia-jails-19-year-old-for-condemning-its-war-in-ukraine?traffic_source=rss,General,,
2025-04-18,Al Jazeera,Man Utd career summed up by ‘Maddest game’ – Maguire,https://www.aljazeera.com/sports/2025/4/18/man-utd-career-summed-up-by-maddest-game-maguire-football-lyon?traffic_source=rss,General,,
2025-04-18,Fox News,Trump says career gov employees working on policy will be fired if they don’t adhere to his agenda,https://www.foxnews.com/politics/trump-says-career-gov-employees-working-policy-fired-dont-adhere-his-agenda,General,,
2025-04-18,Fox News,Kilmar Garcia's wife refuses to answer question about getting order of protection against husband,https://www.foxnews.com/media/kilmar-garcias-wife-refuses-answer-question-about-getting-order-protection-against-husband,General,,
2025-04-18,Fox News,Secret 'Sistine Chapel' decked out with frescos in unlikely location,https://www.foxnews.com/travel/secret-sistine-chapel-decked-out-frescos-unlikely-location,General,,
2025-04-18,Fox News,Gunther relishes being 'party pooper' in WWE as fans flock behind rival Jey Uso,https://www.foxnews.com/sports/gunther-relishes-being-party-pooper-wwe-fans-flock-behind-rival-jey-uso,General,,
2025-04-18,Fox News,Bodycam shows man attack Ohio state trooper before he stole a patrol car and was shot dead,https://www.foxnews.com/us/bodycam-shows-man-attack-ohio-state-trooper-before-he-stole-patrol-car-shot-dead,General,,
2025-04-18,Fox News,Anti-Israel Harvard students conspire to smear law firms critical of campus antisemitism: report,https://www.foxnews.com/politics/anti-israel-harvard-students-conspire-smear-law-firms-critical-campus-antisemitism-report,General,,
2025-04-18,Fox News,WWE legend Rey Mysterio confident in son's abilities as wrestling superstar,https://www.foxnews.com/sports/wwe-legend-rey-mysterio-confident-sons-abilities-wrestling-superstar,General,,
2025-04-18,Fox News,Slain Texas teen Austin Metcalf’s home swatted hours after tense press conference showdown,https://www.foxnews.com/us/slain-texas-teen-austin-metcalf-home-swatted-hours-after-tense-press-conference-showdown,General,,
2025-04-18,Fox News,WWE legend Paul Heyman heaps praise on Paul Levesque ahead of Hall of Fame induction,https://www.foxnews.com/sports/wwe-legend-paul-heyman-heaps-praise-paul-levesque-ahead-hall-fame-induction,General,,
2025-04-18,Fox News,Trump and MLB Commissioner Rob Manfred have meeting at White House amid Pete Rose debate,https://www.foxnews.com/sports/trump-mlb-commissioner-rob-manfred-have-meeting-white-house-amid-pete-rose-discourse,General,,
2025-04-18,The Washington Post,"DOJ questions science journal about bias, triggering free speech concerns",https://www.washingtonpost.com/science/2025/04/18/doj-questions-chest-journal-science/,Education,,
2025-04-18,The Washington Post,"FSU shooting suspect had extremist views, access to gun. What to know.",https://www.washingtonpost.com/nation/2025/04/17/phoenix-ikner-fsu-shooting/,General,,
2025-04-18,The Washington Post,"What we know about the Florida State University shooting, victims",https://www.washingtonpost.com/nation/2025/04/18/florida-state-university-shooting-what-to-know/,General,,
2025-04-18,The Washington Post,RFK Jr. said autistic people don’t work or play sports. They say he’s wrong.,https://www.washingtonpost.com/nation/2025/04/17/rfk-jr-autism-children/,General,,
2025-04-18,The Washington Post,"White House embraces lab leak as ‘true’ pandemic origin, axes covid website",https://www.washingtonpost.com/politics/2025/04/18/covid-website-replaced-lab-leak-pandemic-origin/,General,,
2025-04-18,The Washington Post,Florida shooting brings back horrific memories for students from Parkland,https://www.washingtonpost.com/nation/2025/04/18/fsu-parkland-school-shooting-survivors-florida-university/,General,,
2025-04-18,The Washington Post,"RFK Jr.’s cuts to CDC eliminate labs tracking STIs, hepatitis outbreaks",https://www.washingtonpost.com/health/2025/04/18/cdc-layoffs-rfk-jr-sexually-transmitted-diseases/,General,,
2025-04-18,The Washington Post,"Huge rabbit rescued from kill farm is now therapy bunny, drives mini truck",https://www.washingtonpost.com/lifestyle/2025/04/18/alex-the-great-therapy-rabbit/,General,,
2025-04-18,The Washington Post,What to know about the nationwide ‘50501’ protests planned against Trump,https://www.washingtonpost.com/nation/2025/04/18/50501-protests-anti-trump-movement-hands-off/,General,,
2025-04-18,The Washington Post,Trump opens swath of pristine Pacific Ocean to commercial fishing,https://www.washingtonpost.com/politics/2025/04/18/trump-obama-bush-commercial-fishing-pacific/,General,,
2025-04-18,ABC News,"FSU shooting latest: Victims identified, police release timeline",https://abcnews.go.com/US/fsu-shooting-latest-police-search-motive-campus-attack/story?id=120939778,General,,
2025-04-18,ABC News,LIVE:  ABC News Live,https://abcnews.go.com/Live/video/abcnews-live-41463246,General,,
2025-04-18,ABC News,Trump replaces acting IRS commissioner just days after appointing him,https://abcnews.go.com/Politics/trump-replaces-acting-irs-commissioner-days-after-appointing/story?id=120959980,General,,
2025-04-18,ABC News,Kansas City teen arrested for alleged arson at Tesla dealership: FBI,https://abcnews.go.com/US/kansas-city-teen-arrested-alleged-arson-tesla-dealership/story?id=120958617,General,,
2025-04-18,ABC News,WATCH:  Part of glacier breaks off during training exercise in Peruvian Andes,https://abcnews.go.com/International/video/part-glacier-breaks-off-training-exercise-peruvian-andes-120942781,General,,
2025-04-18,ABC News,WATCH:  'I can't hold much longer': Man with dementia rescued after hanging from window,https://abcnews.go.com/US/video/hold-longer-man-dementia-rescued-after-hanging-window-120938627,General,,
2025-04-18,ABC News,WATCH:  Bartender tosses hat onto customer’s head,https://abcnews.go.com/International/video/bartender-tosses-hat-customers-head-120942897,General,,
2025-04-18,ABC News,WATCH:  Hints of life found on a distant planet,https://abcnews.go.com/International/video/hints-life-found-distant-planet-120899250,General,,
2025-04-18,ABC News,WATCH:  Hard landing damages plane’s landing gear,https://abcnews.go.com/GMA/News/video/hard-landing-damages-planes-landing-gear-120900642,General,,
2025-04-18,ABC News,WATCH:  Bear charges at shoppers outside Connecticut mall,https://abcnews.go.com/WNT/video/bear-charges-shoppers-connecticut-mall-120887505,General,,
2025-04-18,CBS News,"Kilmar Albrego Garcia was ""traumatized"" at CECOT, Sen. Van Hollen says after meeting in El Salvador",https://www.cbsnews.com/news/kilmar-abrego-garcia-el-salvador-deported-chris-van-hollen/,General,,
2025-04-18,CBS News,What we know about the victims of the FSU mass shooting,https://www.cbsnews.com/news/who-are-the-victims-of-the-fsu-mass-shooting/,General,,
2025-04-18,CBS News,Outbreak Science | 60 Minutes Archive,https://www.cbsnews.com/video/outbreak-science-60-minutes-archive/,Education,,
2025-04-18,CBS News,"Witness, 11, points to father's suspected killer: Sister's forbidden boyfriend",https://www.cbsnews.com/news/aaron-friar-murder-oregon-witness-points-finger-at-fathers-suspected-killer-48-hours/,General,,
2025-04-18,CBS News,FSU mass shooting: Everything we know so far,https://www.cbsnews.com/news/florida-state-university-active-shooter-situation-what-we-know/,General,,
2025-04-18,CBS News,Greenland | Sunday on 60 Minutes,https://www.cbsnews.com/video/greenland-sunday-on-60-minutes/,General,,
2025-04-18,CBS News,"2 people killed, 6 injured in FSU mass shooting; suspect in custody",https://www.cbsnews.com/news/florida-state-university-active-shooter/,General,,
2025-04-18,CBS News,"CDC scraps plan to help Texas schools curb measles over layoffs, employee says",https://www.cbsnews.com/news/cdc-scraps-plan-to-help-texas-schools-curb-measles-more-layoffs-loom/,General,,
2025-04-18,CBS News,4/18: CBS Morning News,https://www.cbsnews.com/video/041825-cbs-morning-news/,General,,
2025-04-18,CBS News,Hunter Biden whistleblower out as IRS commissioner after 2 days,https://www.cbsnews.com/news/gary-shapley-hunter-biden-whistleblower-out-as-irs-commissioner-elon-musk/,General,,
2025-04-18,NBC News,A gunshot tore brothers apart decades ago. The FSU shooting split them up for good,https://www.nbcnews.com/news/us-news/fsu-shooting-victim-robert-morales-rcna201850,General,,
2025-04-18,NBC News,Sen. Van Hollen: Kilmar Abrego Garcia has 'experienced trauma' from prison,https://www.nbcnews.com/now/video/van-hollen-says-abrego-garcia-experienced-trauma-from-prison-237869637710,General,,
2025-04-18,NBC News,U.S.-born American citizen under ICE hold in Florida is released,https://www.nbcnews.com/news/latino/us-born-american-citizen-ice-hold-florida-released-rcna201854,General,,
2025-04-18,NBC News,California dad taking his daughter to  school arrested by immigration agents,https://www.nbcnews.com/news/latino/immigration-arrest-california-dad-taking-daughter-school-rcna201927,General,,
2025-04-18,NBC News,Inside the showdown between courts and the WH over deportations,https://www.today.com/video/washington-roundup-tariffs-deportations-ukraine-peace-efforts-237814853905,General,,
2025-04-18,NBC News,"Trump is replacing the acting IRS commissioner, part of a dispute between Treasury and Elon Musk",https://www.nbcnews.com/politics/politics-news/trump-replacing-acting-irs-commissioner-rcna201907,General,,
2025-04-18,NBC News,"U.S. 'will move on' from Ukraine peace efforts if no progress within days, Marco Rubio warns",https://www.nbcnews.com/news/world/us-will-move-ukraine-peace-efforts-no-progress-days-rubio-warns-rcna201834,General,,
2025-04-18,NBC News,U.S. attorney demands scientific journal explain how it ensures ‘viewpoint diversity’,https://www.nbcnews.com/science/science-news/us-attorney-demands-scientific-journal-explain-ensures-viewpoint-diver-rcna201929,General,,
2025-04-18,NBC News,"Scientists create the world's largest lab-grown chicken nugget, complete with artificial veins",https://www.nbcnews.com/news/world/lab-grown-chicken-nugget-artificial-veins-rcna201837,General,,
2025-04-18,NBC News,"Why 'Sinners,' a Jim Crow-era vampire film, is a personal endeavor for director Ryan Coogler",https://www.nbcnews.com/news/nbcblk/sinners-film-ryan-coogler-michael-b-jordan-rcna201717,General,,
2025-04-18,The Hill,ACLU asks Supreme Court to block ‘imminent’ wave of Alien Enemies Act deportations,https://thehill.com/regulation/court-battles/5256642-aclu-supreme-alien-enemies-act/,General,,
2025-04-18,The Hill,Van Hollen recounts tearful exchange with mistakenly deported man,https://thehill.com/homenews/5256646-senator-van-hollen-kilmar-abrego/,General,,
2025-04-18,The Hill,Republicans deny Democrats' requests for El Salvador oversight trips,https://thehill.com/homenews/house/5256624-democrats-denied-el-salvador-trips/,General,,
2025-04-18,The Hill,US begins pulling hundreds of troops from Syria,https://thehill.com/policy/defense/5256595-syria-us-troops-withdraw/,General,,
2025-04-18,The Hill,Van Hollen on Abrego Garcia meeting: ‘Nobody drank any margaritas’,https://thehill.com/homenews/senate/5256589-van-hollen-abrego-garcia-margarita/,General,,
2025-04-18,The Hill,Trump's chip tariffs,https://thehill.com/newsletters/technology/5256531-trumps-chip-tariffs/,General,,
2025-04-18,The Hill,'White House Crashers': Vince Vaughn visits Oval Office,https://thehill.com/blogs/in-the-know/5256472-vince-vaughn-visits-trump/,General,,
2025-04-18,The Hill,US sets ticking clock on Russia-Ukraine talks,https://thehill.com/newsletters/evening-report/5256463-russia-ukraine-rubio-putin-zelesnky-abrego-garcia-van-hollen/,General,,
2025-04-18,The Hill,Courts weigh White House work-arounds to keep AP iced out,https://thehill.com/regulation/court-battles/5256509-courts-weigh-white-house-workarounds-to-keep-ap-iced-out/,General,,
2025-04-18,The Hill,Rubio says State Department to restrict visas of at least 250 Nicaraguan officials,https://thehill.com/policy/international/5256506-marco-rubio-nicaragua-visa-sanctions/,The Executive Branch,,
2025-04-18,Time,What Netflix’s Oklahoma City Bombing Documentary Reveals About the Deadly Terror Attack,https://time.com/7278828/oklahoma-city-bombing-american-terror-netflix-true-story/,General,,
2025-04-18,Time,Do You Need a Measles Vaccine Booster?,https://time.com/7278878/do-you-need-a-measles-vaccine-booster/,General,,
2025-04-18,Time,Sinners Is a Gory and Seductive Vampire Movie,https://time.com/7278537/sinners-review-ryan-coogler/,General,,
2025-04-18,Time,The Trump Administration Could Have Fought to Deport Abrego Garcia in 2019. It Passed on the Chance,https://time.com/7278832/trump-caved-on-abrego-garcia-deportation-move-in-2019/,General,,
2025-04-18,Time,There’s a Climate Showdown Ahead for Big Oil Investors,https://time.com/7278794/bp-vote-climate-change/,General,,
2025-04-18,Time,RFK Jr. and the CDC Disagree on a Major Autism Study,https://time.com/7278787/rfk-jr-cdc-autism-study/,General,,
2025-04-18,Time,The Silver Lining of Dating in a Recession,https://time.com/7278502/recession-dating-silver-lining/,General,,
2025-04-18,Time,The Single Best Type of Apology,https://time.com/7278139/how-to-apologize-genuine/,General,,
2025-04-18,Time,"250 Years Later, We Need Paul Revere Again",https://time.com/7278496/paul-revere-250-anniversary-constitutional-crisis-essay/,General,,
2025-04-18,Time,The True Story Behind Netflix’s Chilling Dutch Thriller iHostage,https://time.com/7278340/ihostage-netflix-true-story/,General,,
2025-04-18,Newsweek,Rory McIlroy Arrives Home to Hero's Welcome as Heartfelt Family Photos Surface,https://www.newsweek.com/sports/golf/rory-mcilroy-masters-win-arrive-hero-welcome-photos-surface-2061660,General,,
2025-04-18,Newsweek,Bryan Kohberger Case: Judge Rules Roommate Can Testify About Key Detail,https://www.newsweek.com/bryan-kohberger-case-judge-rules-roommate-can-testify-about-key-detail-2061654,General,,
2025-04-18,Newsweek,"'Emergency' Health Warning Issued for 120,000 People",https://www.newsweek.com/emergency-health-warning-issued-southern-california-2061649,General,,
2025-04-18,Newsweek,Hegseth and Noem Decide on Insurrection Act Guidance for Trump: Report,https://www.newsweek.com/hegseth-noem-decide-insurrection-act-guidance-trump-report-2061659,General,,
2025-04-18,Newsweek,Dodgers Could Pursue $71 Million All-Star Outfielder in Trade With Mariners,https://www.newsweek.com/sports/mlb/dodgers-could-pursue-71-million-all-star-outfielder-trade-mariners-2061657,General,,
2025-04-18,Newsweek,IRS Chief Axed After Trump Official Complained About Musk Influence: Report,https://www.newsweek.com/irs-chief-replaced-trump-elon-musk-doge-2061650,General,,
2025-04-18,Newsweek,"U.S. Open Winner's Game 'Worst I've Ever Played,' Turns Corner at RBC Heritage",https://www.newsweek.com/sports/golf/pga-tour-news-matt-fitzpatrick-worst-ive-played-rbc-heritage-2061641,General,,
2025-04-18,Newsweek,"How to Watch Cavalry FC vs Vancouver FC: Live Stream Canadian Premier League, TV Channel",https://www.newsweek.com/sports/how-watch-cavalry-fc-vs-vancouver-fc-live-stream-canadian-premier-league-tv-channel-2061302,General,,
2025-04-18,Newsweek,"How to Watch Heat vs Hawks: Live Stream NBA Play-In Tournament, TV Channel",https://www.newsweek.com/sports/nba/how-watch-heat-vs-hawks-live-stream-nba-play-tournament-tv-channel-2060876,General,,
2025-04-18,Newsweek,Father of Kei'Mani Latigue Appears in Court After Extradition,https://www.newsweek.com/father-keimani-latigue-appears-court-after-extradition-2061617,General,,
2025-04-18,The Atlantic,Laughing in the Face of ‘Overwhelming Malice’,https://www.theatlantic.com/newsletters/archive/2025/04/dark-humor-trump-presidency/682517/?utm_source=feed,General,,
2025-04-18,The Atlantic,Britain Rules on What a Woman Is,https://www.theatlantic.com/ideas/archive/2025/04/britain-rules-woman-supreme-court/682511/?utm_source=feed,General,,
2025-04-18,The Atlantic,The Curse of ChatGPT,https://www.theatlantic.com/newsletters/archive/2025/04/was-chatgpt-the-worst-thing-to-happen-to-openai/682509/?utm_source=feed,General,,
2025-04-18,The Atlantic,The Conservative Case for Leaving Harvard Alone,https://www.theatlantic.com/ideas/archive/2025/04/harvard-trump-irs-nonprofit/682507/?utm_source=feed,General,,
2025-04-18,The Atlantic,"The Gleeful, Chaotic World of Underground Comics",https://www.theatlantic.com/newsletters/archive/2025/04/the-gleeful-chaotic-world-of-underground-comics/682504/?utm_source=feed,General,,
2025-04-18,The Atlantic,About That ‘Possible Sign of Life’ on a Distant Planet,https://www.theatlantic.com/science/archive/2025/04/k2-18b-possible-sign-of-life/682505/?utm_source=feed,General,,
2025-04-18,The Atlantic,Trump Is Flirting With Economic Disaster,https://www.theatlantic.com/economy/archive/2025/04/trump-fed-economic-disaster/682506/?utm_source=feed,General,,
2025-04-18,The Atlantic,The Lies About Josh Shapiro Have Consequences,https://www.theatlantic.com/politics/archive/2025/04/josh-shapiro-attempted-assessination/682503/?utm_source=feed,General,,
2025-04-18,The Atlantic,The Harem of Elon Musk,https://www.theatlantic.com/ideas/archive/2025/04/elon-musk-fatherhood/682502/?utm_source=feed,General,,
2025-04-18,The Atlantic,The Triumph of a Film That Flips on Us Halfway In,https://www.theatlantic.com/culture/archive/2025/04/sinners-ryan-coogler-movie-review/682501/?utm_source=feed,General,,
2025-04-18,Sky News,Sky News uncovers new evidence which contradicts Israel's account of deadly attack on aid workers,https://news.sky.com/story/two-hours-of-terror-sky-news-investigation-reveals-how-israels-deadly-attack-on-aid-workers-unfolded-13348776,General,,
2025-04-18,Sky News,At least 148 people die after boat catches fire in Congo,https://news.sky.com/story/at-least-148-people-die-after-boat-catches-fire-in-congo-13351462,General,,
2025-04-18,Sky News,Senator who met wrongly deported man says photos of pair with margaritas are staged,https://news.sky.com/story/democrat-senator-chris-van-hollen-who-met-wrongly-deported-man-kilmar-abrego-garcia-says-photos-of-pair-with-margaritas-are-staged-13351466,General,,
2025-04-18,Sky News,Former Rochdale footballer dies aged 36,https://news.sky.com/story/joe-thompson-former-rochdale-footballer-dies-aged-36-after-third-cancer-diagnosis-13351040,General,,
2025-04-18,Sky News,Dancing woman carried on car bonnet for 30 yards in hit-and-run crash,https://news.sky.com/story/police-appeal-to-find-dancing-woman-who-was-carried-on-car-bonnet-for-30-yards-in-wembley-hit-and-run-crash-13351411,General,,
2025-04-18,Sky News,'Raise a glass': Pub hours extended for 80th VE Day celebrations,https://news.sky.com/story/pub-hours-extended-for-80th-ve-day-celebrations-in-may-13351071,General,,
2025-04-18,Sky News,Rubio's tough talk shows Trump's frustration - but there's only one loser if US walks away,https://news.sky.com/story/rubios-tough-talk-shows-trumps-frustration-but-theres-only-one-loser-if-us-walks-away-13351018,General,,
2025-04-18,Sky News,"British man, 27, dies after avalanche at French Alps ski resort",https://news.sky.com/story/british-man-27-dies-after-avalanche-at-french-alps-ski-resort-13351390,General,,
2025-04-18,Sky News,Yellow weather warning comes into force for parts of UK,https://news.sky.com/story/yellow-weather-warning-comes-into-force-for-parts-of-uk-13351447,General,,
2025-04-18,Sky News,Police chief sacked for on-duty sexual contact with woman,https://news.sky.com/story/essex-police-senior-officer-sacked-for-sexual-contact-with-woman-while-on-duty-13351175,General,,
2025-04-18,BBC News,Ukraine minerals deal may not buy peace after Trump threat,https://www.bbc.com/news/articles/cy5rqvqg36qo,General,,
2025-04-18,BBC News,"Designed in US, made in China: Why Apple is stuck",https://www.bbc.com/news/articles/czx17361pw1o,General,,
2025-04-18,BBC News,'You don't look like someone who gets an MBE',https://www.bbc.com/news/articles/c4g7zqjveg5o,General,,
2025-04-18,Al Jazeera,"Deadly, sombre Good Friday as 58 people killed in Israeli attacks on Gaza",https://www.aljazeera.com/news/2025/4/18/deadly-sombre-good-friday-as-50-people-killed-in-israeli-attacks-on-gaza?traffic_source=rss,General,,
2025-04-18,Fox News,CNN's Scott Jennings says left 'in love with the worst people' during clash over deported alleged MS-13 member,https://www.foxnews.com/media/cnns-scott-jennings-says-left-love-worst-people-clash-deported-alleged-ms-13-member,General,,
2025-04-18,Fox News,"EXCLUSIVE: As Afghan Christians face deportation, faith leaders urge Trump administration to reconsider",https://www.foxnews.com/politics/exclusive-afghan-christians-face-deportation-faith-leaders-urge-trump-administration-reconsider,General,,
2025-04-18,The Washington Post,"Florida State students mourn campus shooting, question gunman’s motive",https://www.washingtonpost.com/nation/2025/04/18/florida-state-university-shooting-gunman/,General,,
2025-04-18,CBS News,"Apr 18: CBS News 24/7, 4pm ET",https://www.cbsnews.com/video/041825-cbs-news-247-episode-3/,General,,
2025-04-18,CBS News,"Kilmar Abrego Garcia was ""traumatized"" at CECOT, Sen. Van Hollen says",https://www.cbsnews.com/news/kilmar-abrego-garcia-el-salvador-deported-chris-van-hollen/,General,,
2025-04-18,CBS News,The Savannah Bananas & Banana Ball | Sunday on 60 Minutes,https://www.cbsnews.com/video/savannah-bananas-banana-ball-sunday-on-60-minutes/,General,,
2025-04-18,CBS News,"Apr 14: CBS News 24/7, 4pm ET",https://www.cbsnews.com/video/041425-cbs-news-247-episode-3/,General,,
2025-04-18,NBC News,Legal fight raging over possible imminent deportations to El Salvador,https://www.nbcnews.com/politics/national-security/legal-fight-raging-possible-imminent-deportations-el-salvador-rcna201928,General,,
2025-04-18,NBC News,"In the world's largest wholesale market, American customers have dried up as tariffs hit",https://www.nbcnews.com/news/world/donald-trump-tariffs-trade-war-china-largest-wholesale-market-rcna201290,General,,
2025-04-18,NBC News,"Delayed ultrasounds, disrupted care: Pregnant women are hit with military insurance snafus",https://www.nbcnews.com/news/us-news/tricare-military-health-insurance-pregnancy-women-delay-ultrasound-rcna197760,International Conflicts,,
2025-04-18,NBC News,Judge denies Sean 'Diddy' Combs' request for two-month trial delay,https://www.nbcnews.com/news/crime-courts/judge-denies-sean-diddy-combs-request-two-month-trial-delay-rcna201341,General,,
2025-04-18,The Hill,"Trump on egg costs: 'If anything, the prices are getting too low'",https://thehill.com/homenews/administration/5256708-trump-egg-prices-low/,General,,
2025-04-18,The Hill,White House eyes ending utility assistance program,https://thehill.com/newsletters/energy-environment/5256702-white-house-eyes-ending-utility-assistance-program/,General,,
2025-04-18,The Hill,Fired probationary workers at Commerce say their insurance is being cut early,https://thehill.com/homenews/administration/5256687-commerce-department-workers-terminated/,General,,
2025-04-18,The Hill,SCOTUS to hear ObamaCare free care case,https://thehill.com/newsletters/health-care/5256631-scotus-to-hear-obamacare-free-care-case/,General,,
2025-04-18,Newsweek,"How to Watch Dodgers vs Rangers: Live Stream MLB, TV Channel",https://www.newsweek.com/sports/mlb/how-watch-dodgers-vs-rangers-live-stream-mlb-tv-channel-2061363,General,,
2025-04-18,Newsweek,Kyle Larson Fires Shots at Ty Gibbs For Cup Series Win Drought,https://www.newsweek.com/sports/racing/kyle-larson-fires-shots-ty-gibbs-cup-series-win-drought-2061433,General,,
2025-04-18,Newsweek,BetMGM Bonus Code NEWSWEEK1500: Claim $150 NBA Playoffs Promo Friday,https://www.newsweek.com/sports/betting/betmgm-bonus-code-newsweek1500-claim-150-nba-playoffs-promo-friday-2061554,General,,
2025-04-18,Newsweek,"How to Watch Memphis Showboats vs Michigan Panthers: Live Stream UFL, TV Channel",https://www.newsweek.com/how-watch-memphis-showboats-vs-michigan-panthers-live-stream-ufl-tv-channel-2060880,General,,
2025-04-18,Newsweek,Bet365 Bonus Code WEEK365: Get $150 Bonus as NBA Playoffs Open This Weekend,https://www.newsweek.com/sports/betting/bet365-bonus-code-week365-get-150-bonus-nba-playoffs-open-this-weekend-2061548,General,,
2025-04-18,Newsweek,"How to Watch BKFC Fight Night: Omaha, Cochrane vs. Edwards: Live Stream, TV Channel",https://www.newsweek.com/sports/how-watch-bkfc-fight-night-omaha-cochrane-vs-edwards-live-stream-tv-channel-2061663,General,,
2025-04-18,Newsweek,What Is Schedule F? Trump's Move to Fire 50k Federal Workers More Easily,https://www.newsweek.com/what-schedule-f-trumps-move-fire-50k-federal-workers-more-easily-2061651,General,,
2025-04-18,Sky News,'You can't move on': Why families are facing agonising waits to bury their loved ones,https://news.sky.com/story/funeral-delays-bereaved-family-faces-stressful-time-after-eight-week-wait-13350451,General,,
2025-04-18,Sky News,Trump threatens to 'take a pass' on Ukraine peace talks,https://news.sky.com/story/trump-threatens-to-take-a-pass-on-ukraine-peace-talks-13351475,General,,
2025-04-19,NPR,ACLU warns hundreds of Venezuelans face immediate deportation under Alien Enemies Act despite Supreme Court decision,https://www.npr.org/2025/04/18/nx-s1-5369579/aclu-warns-hundreds-of-venezuelans-face-immediate-deportation-under-alien-enemies-act-despite-supreme-court-decision,General,,
2025-04-19,NPR,Head Start advocates brace for possibility of Trump eliminating funding,https://www.npr.org/2025/04/18/nx-s1-5368248/president-trump-head-start,General,,
2025-04-19,NPR,Thousands of federal workers would be easier to fire under Trump rule change,https://www.npr.org/2025/04/18/nx-s1-5369550/trump-federal-workers-schedule-f,General,,
2025-04-19,NPR,History shows revoking Harvard's tax status won't be easy — or fast,https://www.npr.org/2025/04/18/nx-s1-5368120/trump-harvard-tax-irs-antisemitism,General,,
2025-04-19,NPR,"'Lab Leak,' a flashy page on the virus' origins, replaces government COVID sites",https://www.npr.org/sections/shots-health-news/2025/04/18/g-s1-61324/lab-leak-white-house-covid-origins,General,,
2025-04-19,NPR,"30 years later, Oklahoma City bombing survivor recalls vow to change her life while trapped",https://www.npr.org/2025/04/18/nx-s1-5366841/30-year-anniversary-oklahoma-city-bombing-survivor-amy-downs-trapped-life-change,General,,
2025-04-19,NPR,Nearly 300 scientists apply for French academic program amid Trump cuts in U.S.,https://www.npr.org/2025/04/18/nx-s1-5368132/us-researchers-scientists-apply-french-university-program,General,,
2025-04-19,NPR,VA officials acknowledge the need for privacy for telehealth therapy,https://www.npr.org/sections/shots-health-news/2025/04/18/nx-s1-5369446/veterans-mental-health-privacy-telehealth-trump,General,,
2025-04-19,NPR,Journalist Joy-Ann Reid revisits the legacy and marriage of Medgar and Myrlie Evers,https://www.npr.org/2025/04/18/g-s1-61259/journalist-joy-ann-reid-revisits-the-legacy-and-marriage-of-medgar-and-myrlie-evers,General,,
2025-04-19,NPR,How FDA cuts could make the food and drug supply less safe,https://www.npr.org/sections/shots-health-news/2025/04/18/nx-s1-5364544/fda-inspections-layoffs-food-and-drug-supply-less-safe,General,,
2025-04-19,BBC News,Trump says US will 'pass' on Ukraine peace talks if no progress soon,https://www.bbc.com/news/articles/c20x5xn1g92o,General,,
2025-04-19,BBC News,British woman killed in Naples cable car crash named,https://www.bbc.com/news/articles/c4grkzvlkwno,General,,
2025-04-19,BBC News,'It's really hard to have any hope': Gaza doctor describes daily struggle,https://www.bbc.com/news/articles/ckgekpvj3rko,General,,
2025-04-19,BBC News,US senator says 'traumatised' man deported to El Salvador moved to new prison,https://www.bbc.com/news/articles/cjdx0gp0kd0o,General,,
2025-04-19,BBC News,Ukraine minerals deal may not buy peace after Trump threat,https://www.bbc.com/news/articles/cy5rqvqg36qo,General,,
2025-04-19,BBC News,Pubs to stay open late for VE Day 80th anniversary,https://www.bbc.com/news/articles/ckg24x5l404o,General,,
2025-04-19,BBC News,Starmer and Trump discuss 'productive' trade talks,https://www.bbc.com/news/articles/c8073jzr1xko,World Leaders,,
2025-04-19,BBC News,Ryan Gosling to star in new Star Wars film,https://www.bbc.com/news/articles/clyq9d35ljro,General,,
2025-04-19,BBC News,"Designed in US, made in China: Why Apple is stuck",https://www.bbc.com/news/articles/czx17361pw1o,General,,
2025-04-19,BBC News,Anxiety at US colleges as foreign students are detained,https://www.bbc.com/news/articles/c20xq5nd8jeo,General,,
2025-04-19,CNN,Trump pleads not guilty to 34 felony counts,https://edition.cnn.com/webview/politics/live-news/trump-indictment-stormy-daniels-news-04-03-23/index.html,General,,
2025-04-19,CNN,Haberman reveals why Trump attacked judge and his family in speech,https://www.cnn.com/videos/politics/2023/04/05/maggie-haberman-donald-trump-speech-indictment-reaction-sot-cnntm-vpx.cnn,General,,
2025-04-19,CNN,What to know about the Trump indictment on the eve of his court appearance,https://www.cnn.com/collections/intl-trump-040223/,General,,
2025-04-19,CNN,READ: Trump indictment related to hush money payment,https://cnn.it/411KYN7,General,,
2025-04-19,CNN,Russian authorities detain suspect over St. Petersburg cafe blast,https://edition.cnn.com/webview/europe/live-news/russia-ukraine-war-news-04-03-23/index.html,General,,
2025-04-19,CNN,Video shows moment of deadly explosion at cafe in Russia,https://www.cnn.com/videos/world/2023/04/02/russian-military-blogger-vladlen-tatarsky-killed-cafe-explosion-chance-vpx.cnn,General,,
2025-04-19,CNN,"Wall Street Journal reporter Evan Gershkovich appeals against arrest, Russian state media says",https://www.cnn.com/collections/intl-ukraine-030423/,Business & the Economy,,
2025-04-19,CNN,Suspected Chinese spy balloon was able to transmit information back to Beijing,https://www.cnn.com/2023/04/03/politics/chinese-spy-balloon/index.html,General,,
2025-04-19,CNN,Beijing promised to 'fight back' over Taiwan leader's US visit. But this time it has more to lose,https://www.cnn.com/2023/04/04/asia/tsai-ing-wen-taiwan-mccarthy-meeting-analysis-intl-hnk/index.html,General,,
2025-04-19,CNN,"'Scary, cold, hungry and lonely': Volunteer soldier shares experience on front line",https://www.cnn.com/videos/world/2023/04/03/soldiers-russia-ukraine-war-david-mckenzie-pkg-ovn-intl-ldn-vpx.cnn,General,,
2025-04-19,The Guardian,"Congo boat disaster death toll rises to 148, with more than 100 still missing",https://www.theguardian.com/world/2025/apr/18/congo-boat-disaster-death-toll-rises-to-148-with-more-than-100-still-missing,General,,
2025-04-19,The Guardian,ICJ hears Sudan case accusing UAE of ‘complicity in genocide’,https://www.theguardian.com/world/2025/apr/17/icj-hears-sudan-case-accusing-uae-complicity-genocide,Human Rights,,
2025-04-19,The Guardian,"Move over, Med diet – plantains and cassava can be as healthy as tomatoes and olive oil, say researchers",https://www.theguardian.com/global-development/2025/apr/17/mediterranean-diet-african-food-tanzania-heritage-traditional-healthy,General,,
2025-04-19,The Guardian,US pastor kidnapped during sermon in South Africa rescued after shootout,https://www.theguardian.com/world/2025/apr/16/us-pastor-kidnapped-during-sermon-in-south-africa-rescued-after-shootout,General,,
2025-04-19,The Guardian,UK conference on Sudan fails to set up contact group for ceasefire talks,https://www.theguardian.com/world/2025/apr/15/uk-conference-hopes-to-map-pathway-to-end-suffering-in-sudan,General,,
2025-04-19,The Guardian,France expels 12 Algerian officials as row over alleged kidnapping escalates,https://www.theguardian.com/world/2025/apr/15/france-expels-12-algerian-officials-as-row-over-activists-kidnapping-escalates,General,,
2025-04-19,The Guardian,Wife of Kilmar Ábrego García speaks as White House defiant over US return,https://www.theguardian.com/us-news/2025/apr/18/kilmar-abrego-garcia-wife-interview,General,,
2025-04-19,The Guardian,Dramatic rise in fake political content on social media as Canada prepares to vote,https://www.theguardian.com/world/2025/apr/18/canada-fake-political-content-social-media,General,,
2025-04-19,The Guardian,"‘We’re going to stand up to Trump,’ says Mark Carney in second Canadian election debate",https://www.theguardian.com/world/2025/apr/18/were-going-to-stand-up-to-trump-says-mark-carney-in-second-canadian-election-debate,General,,
2025-04-19,The Guardian,Maryland senator meets Kilmar Ábrego García in El Salvador amid battle over US return,https://www.theguardian.com/us-news/2025/apr/17/chris-van-hollen-kilmar-abrego-garcia-el-salvador,General,,
2025-04-19,Al Jazeera,US judge rules Rumeysa Ozturk must be transferred from Louisiana to Vermont,https://www.aljazeera.com/news/2025/4/19/us-judge-rules-rumeysa-ozturk-must-be-transferred-from-louisiana-to-vermont?traffic_source=rss,General,,
2025-04-19,Al Jazeera,African athletes find their feet in Vietnam’s marathon running boom,https://www.aljazeera.com/news/2025/4/19/african-athletes-find-their-feet-in-vietnams-marathon-running-boom?traffic_source=rss,General,,
2025-04-19,Al Jazeera,Image of Gaza airstrike survivor wins 2025 World Press Photo of the Year,https://www.aljazeera.com/program/newsfeed/2025/4/18/image-of-gaza-airstrike-survivor-wins-2025-world-press-photo-of-the-year?traffic_source=rss,General,,
2025-04-19,Al Jazeera,"Deadly, sombre Good Friday as 58 people killed in Israeli attacks on Gaza",https://www.aljazeera.com/news/2025/4/18/deadly-sombre-good-friday-as-50-people-killed-in-israeli-attacks-on-gaza?traffic_source=rss,General,,
2025-04-19,Al Jazeera,Did Xi Jinping succeed in winning support against Trump’s tariff war?,https://www.aljazeera.com/program/inside-story/2025/4/18/did-xi-jinping-succeed-in-winning-support-against-trumps-tariff-war?traffic_source=rss,General,,
2025-04-19,Al Jazeera,"Allies say Ghannouchi ‘unjustly’ held, as he marks 2 years in Tunisian jail",https://www.aljazeera.com/news/2025/4/18/allies-say-ghannouchi-unjustly-held-as-he-marks-2-years-in-tunisian-jail?traffic_source=rss,General,,
2025-04-19,Al Jazeera,"Barcelona vs Celta Vigo – LaLiga preview: Team news, how to follow, stream",https://www.aljazeera.com/sports/2025/4/18/barcelona-vs-celta-vigo-laliga-preview-team-news-how-to-follow-stream?traffic_source=rss,General,,
2025-04-19,Al Jazeera,"Trump says US may ‘pass’ on helping end war if Russia, Ukraine resist deal",https://www.aljazeera.com/news/2025/4/18/trump-says-us-may-pass-on-helping-end-war-if-russia-ukraine-resist-deal?traffic_source=rss,General,,
2025-04-19,Al Jazeera,Why did ICE deport Kilmar Abrego Garcia?,https://www.aljazeera.com/program/the-take-2/2025/4/18/aje-onl-tt_usa_kilmarabregogarcia_av_v3?traffic_source=rss,General,,
2025-04-19,Al Jazeera,‘How do I live like this?’ asks Gaza boy who lost arms in Israeli attack,https://www.aljazeera.com/news/2025/4/18/how-do-i-live-like-this-asks-gaza-boy-who-lost-arms-in-israeli-attack?traffic_source=rss,General,,
2025-04-19,Fox News,"Mother of Rachel Morin, killed by illegal migrant, answers whether she'd talk to Sen. Chris Van Hollen",https://www.foxnews.com/media/mother-rachel-morin-killed-illegal-migrant-answers-whether-shed-talk-sen-chris-van-hollen,General,,
2025-04-19,Fox News,"Aggressive sea lion attacks beachgoers in Southern California, video shows",https://www.foxnews.com/lifestyle/aggressive-sea-lion-attacks-beachgoers-southern-california-video-shows,General,,
2025-04-19,Fox News,Franklin Graham shares hope message in exclusive interview on Easter special: 'God hasn’t forgotten them',https://www.foxnews.com/lifestyle/franklin-graham-shares-hope-message-exclusive-interview-easter-special,General,,
2025-04-19,Fox News,JK Rowling does victory lap following UK Supreme Court ruling that trans women aren't legally women,https://www.foxnews.com/media/jk-rowling-does-victory-lap-following-uk-ruling-trans-women-arent-legally-women,General,,
2025-04-19,Fox News,Beloved family men identified as victims killed in FSU mass shooting: 'Living a nightmare',https://www.foxnews.com/us/beloved-family-men-identified-victims-killed-fsu-mass-shooting,General,,
2025-04-19,Fox News,Martha Stewart trolls Katy Perry's Blue Origin spaceflight,https://www.foxnews.com/entertainment/martha-stewart-trolls-katy-perrys-blue-origin-spaceflight,General,,
2025-04-19,Fox News,Shohei Ohtani absent from Dodgers for birth of first child,https://www.foxnews.com/sports/shohei-ohtani-absent-from-dodgers-birth-first-child,General,,
2025-04-19,Fox News,"Ex-VP Harris returns to politics to headline DNC fundraiser with tickets starting at $25,000",https://www.foxnews.com/media/ex-vp-harris-returns-politics-headline-dnc-fundraiser-tickets-starting-25000,General,,
2025-04-19,Fox News,"UNC employees 'not loving the Bill Belichick experience,' longtime Boston reporter says",https://www.foxnews.com/sports/unc-employees-not-loving-bill-belichick-experience-longtime-boston-reporter-says,General,,
2025-04-19,Fox News,Biden-appointed judge rules against Maine Rep. Laurel Libby in fight over controversial trans athlete censure,https://www.foxnews.com/sports/biden-appointed-judge-rules-against-maine-rep-laurel-libby-lawsuit-over-controversial-trans-athlete-censure,General,,
2025-04-19,The Washington Post,"What we know about the Florida State University shooting, victims",https://www.washingtonpost.com/nation/2025/04/18/florida-state-university-shooting-what-to-know/,General,,
2025-04-19,The Washington Post,GOP push to repeal Florida gun-control laws uncertain after FSU shooting,https://www.washingtonpost.com/nation/2025/04/18/florida-fsu-shooting-parkland-gun-safety-laws/,General,,
2025-04-19,The Washington Post,"FSU shooting suspect had extremist views, access to gun. What to know.",https://www.washingtonpost.com/nation/2025/04/17/phoenix-ikner-fsu-shooting/,General,,
2025-04-19,The Washington Post,"Florida State students mourn campus shooting, question gunman’s motive",https://www.washingtonpost.com/nation/2025/04/18/florida-state-university-shooting-gunman/,General,,
2025-04-19,The Washington Post,Florida shooting brings back horrific memories for students from Parkland,https://www.washingtonpost.com/nation/2025/04/18/fsu-parkland-school-shooting-survivors-florida-university/,General,,
2025-04-19,The Washington Post,"DOJ questions science journal about bias, triggering free speech concerns",https://www.washingtonpost.com/science/2025/04/18/doj-questions-chest-journal-science/,Education,,
2025-04-19,The Washington Post,RFK Jr. said autistic people don’t work or play sports. They say he’s wrong.,https://www.washingtonpost.com/nation/2025/04/17/rfk-jr-autism-children/,General,,
2025-04-19,The Washington Post,"White House embraces lab leak as ‘true’ pandemic origin, axes covid website",https://www.washingtonpost.com/politics/2025/04/18/covid-website-replaced-lab-leak-pandemic-origin/,General,,
2025-04-19,The Washington Post,"RFK Jr.’s cuts to CDC eliminate labs tracking STIs, hepatitis outbreaks",https://www.washingtonpost.com/health/2025/04/18/cdc-layoffs-rfk-jr-sexually-transmitted-diseases/,General,,
2025-04-19,The Washington Post,"Huge rabbit rescued from kill farm is now therapy bunny, drives mini truck",https://www.washingtonpost.com/lifestyle/2025/04/18/alex-the-great-therapy-rabbit/,General,,
2025-04-19,ABC News,"FSU shooting latest: Victims identified, police release timeline",https://abcnews.go.com/US/fsu-shooting-latest-police-search-motive-campus-attack/story?id=120939778,General,,
2025-04-19,ABC News,LIVE:  ABC News Live,https://abcnews.go.com/Live/video/abcnews-live-41463246,General,,
2025-04-19,ABC News,White House changes COVID.gov web page to page supporting lab leak theory,https://abcnews.go.com/Health/white-house-covid-web-page-page-supporting-lab/story?id=120956514,General,,
2025-04-19,ABC News,Appeals court temporarily halts contempt inquiry over deportation flights,https://abcnews.go.com/Politics/appeals-court-temporarily-halts-contempt-inquiry-deportation-flights/story?id=120965096,General,,
2025-04-19,ABC News,WATCH:  Part of glacier breaks off during training exercise in Peruvian Andes,https://abcnews.go.com/International/video/part-glacier-breaks-off-training-exercise-peruvian-andes-120942781,General,,
2025-04-19,ABC News,WATCH:  'I can't hold much longer': Man with dementia rescued after hanging from window,https://abcnews.go.com/US/video/hold-longer-man-dementia-rescued-after-hanging-window-120938627,General,,
2025-04-19,ABC News,WATCH:  Bartender tosses hat onto customer’s head,https://abcnews.go.com/International/video/bartender-tosses-hat-customers-head-120942897,General,,
2025-04-19,ABC News,WATCH:  Hints of life found on a distant planet,https://abcnews.go.com/International/video/hints-life-found-distant-planet-120899250,General,,
2025-04-19,ABC News,WATCH:  Hard landing damages plane’s landing gear,https://abcnews.go.com/GMA/News/video/hard-landing-damages-planes-landing-gear-120900642,General,,
2025-04-19,ABC News,WATCH:  Bear charges at shoppers outside Connecticut mall,https://abcnews.go.com/WNT/video/bear-charges-shoppers-connecticut-mall-120887505,General,,
2025-04-19,CBS News,4/18: CBS Evening News,https://www.cbsnews.com/video/041825-cbs-evening-news/,General,,
2025-04-19,CBS News,4/18: The Daily Report,https://www.cbsnews.com/video/418-the-daily-report/,General,,
2025-04-19,CBS News,RFK assassination files released by Trump admin. Here's what they say.,https://www.cbsnews.com/news/rfk-assassination-files-release-trump-administration/,General,,
2025-04-19,CBS News,4/18: CBS Evening News Plus,https://www.cbsnews.com/video/418-cbs-evening-news-plus/,General,,
2025-04-19,CBS News,4/18: America Decides,https://www.cbsnews.com/video/041825-america-decides/,General,,
2025-04-19,CBS News,4/14: CBS Evening News Plus,https://www.cbsnews.com/video/041425-cbs-evening-news-plus/,General,,
2025-04-19,CBS News,"Kilmar Abrego Garcia was ""traumatized"" at CECOT, Sen. Van Hollen says",https://www.cbsnews.com/news/kilmar-abrego-garcia-el-salvador-deported-chris-van-hollen/,General,,
2025-04-19,CBS News,"This week on ""Sunday Morning"" (April 20)",https://www.cbsnews.com/news/this-week-on-sunday-morning-april-20-2025/,General,,
2025-04-19,CBS News,"Apr 18: CBS News 24/7, 10am ET",https://www.cbsnews.com/video/041825-cbs-news-247-episode-1/,General,,
2025-04-19,CBS News,"Rubio says U.S. may soon ""move on"" from Ukraine-Russia peace efforts",https://www.cbsnews.com/news/trump-ukraine-war-russia-rubio-says-us-may-move-on-peace-efforts-not-our-war/,General,,
2025-04-19,NBC News,Chilling updates in deadly FSU shooting investigation,https://www.nbcnews.com/nightly-news/video/chilling-updates-in-deadly-fsu-shooting-investigation-237881413548,General,,
2025-04-19,NBC News,Sen. Van Hollen: Kilmar Abrego Garcia has 'experienced trauma' from prison,https://www.nbcnews.com/now/video/van-hollen-says-abrego-garcia-experienced-trauma-from-prison-237869637710,General,,
2025-04-19,NBC News,Legal fight raging over possible imminent deportations to El Salvador,https://www.nbcnews.com/politics/national-security/legal-fight-raging-possible-imminent-deportations-el-salvador-rcna201928,General,,
2025-04-19,NBC News,"Scientists create the world's largest lab-grown chicken nugget, complete with artificial veins",https://www.nbcnews.com/news/world/lab-grown-chicken-nugget-artificial-veins-rcna201837,General,,
2025-04-19,NBC News,"Why 'Sinners,' a Jim Crow-era vampire film, is a personal endeavor for director Ryan Coogler",https://www.nbcnews.com/news/nbcblk/sinners-film-ryan-coogler-michael-b-jordan-rcna201717,General,,
2025-04-19,NBC News,"In the world's largest wholesale market, American customers have dried up as tariffs hit",https://www.nbcnews.com/news/world/donald-trump-tariffs-trade-war-china-largest-wholesale-market-rcna201290,General,,
2025-04-19,NBC News,Inside the showdown between courts and the WH over deportations,https://www.today.com/video/washington-roundup-tariffs-deportations-ukraine-peace-efforts-237814853905,General,,
2025-04-19,NBC News,"Trump is replacing the acting IRS commissioner, part of a dispute between Treasury and Elon Musk",https://www.nbcnews.com/politics/politics-news/trump-replacing-acting-irs-commissioner-rcna201907,General,,
2025-04-19,NBC News,What to know about the charges against Diddy,https://www.nbcnews.com/news/us-news/know-charges-diddy-rcna201911,General,,
2025-04-19,NBC News,Idaho police release bodycam footage of shooting that killed autistic teen,https://www.nbcnews.com/video/idaho-police-release-bodycam-footage-of-shooting-that-killed-autistic-teen-237812294002,General,,
2025-04-19,The Hill,Oregon Democrat to travel to El Salvador to demand Abrego Garcia's release,https://thehill.com/homenews/house/5256876-oregon-democrat-el-salvador-kilmar-abrego-garcia/,General,,
2025-04-19,The Hill,Trump on mistakenly deported man: 'I was elected to take bad people out of the United States',https://thehill.com/homenews/administration/5256831-trump-kilmar-abrego-garcia-el-salvador-deportation/,General,,
2025-04-19,The Hill,Appeals court halts Boasberg’s contempt proceedings against Trump administration,https://thehill.com/regulation/court-battles/5256814-appeals-court-boasberg-trump-contempt/,General,,
2025-04-19,The Hill,Barbara Lee wins Oakland mayor's race,https://thehill.com/homenews/campaign/5250054-barbara-lee-elected-oakland/,General,,
2025-04-19,The Hill,Judge orders transfer of detained Tufts student from Louisiana to Vermont,https://thehill.com/regulation/court-battles/5256754-judge-orders-transfer-of-detained-tufts-student-from-louisiana-to-vermont/,General,,
2025-04-19,The Hill,"Trump on egg costs: 'If anything, the prices are getting too low'",https://thehill.com/homenews/administration/5256708-trump-egg-prices-low/,General,,
2025-04-19,The Hill,White House eyes ending utility assistance program,https://thehill.com/newsletters/energy-environment/5256702-white-house-eyes-ending-utility-assistance-program/,General,,
2025-04-19,The Hill,Fired probationary workers at Commerce say their insurance is being cut early,https://thehill.com/homenews/administration/5256687-commerce-department-workers-terminated/,General,,
2025-04-19,The Hill,SCOTUS to hear ObamaCare free care case,https://thehill.com/newsletters/health-care/5256631-scotus-to-hear-obamacare-free-care-case/,General,,
2025-04-19,The Hill,ACLU asks Supreme Court to block ‘imminent’ wave of Alien Enemies Act deportations,https://thehill.com/regulation/court-battles/5256642-aclu-supreme-alien-enemies-act/,General,,
2025-04-19,Time,What Netflix’s Oklahoma City Bombing Documentary Reveals About the Deadly Terror Attack,https://time.com/7278828/oklahoma-city-bombing-american-terror-netflix-true-story/,General,,
2025-04-19,Time,Do You Need a Measles Vaccine Booster?,https://time.com/7278878/do-you-need-a-measles-vaccine-booster/,General,,
2025-04-19,Time,Sinners Is a Gory and Seductive Vampire Movie,https://time.com/7278537/sinners-review-ryan-coogler/,General,,
2025-04-19,Time,The Trump Administration Could Have Fought to Deport Abrego Garcia in 2019. It Passed on the Chance,https://time.com/7278832/trump-caved-on-abrego-garcia-deportation-move-in-2019/,General,,
2025-04-19,Time,There’s a Climate Showdown Ahead for Big Oil Investors,https://time.com/7278794/bp-vote-climate-change/,General,,
2025-04-19,Time,RFK Jr. and the CDC Disagree on a Major Autism Study,https://time.com/7278787/rfk-jr-cdc-autism-study/,General,,
2025-04-19,Time,The Silver Lining of Dating in a Recession,https://time.com/7278502/recession-dating-silver-lining/,General,,
2025-04-19,Time,The Single Best Type of Apology,https://time.com/7278139/how-to-apologize-genuine/,General,,
2025-04-19,Time,"250 Years Later, We Need Paul Revere Again",https://time.com/7278496/paul-revere-250-anniversary-constitutional-crisis-essay/,General,,
2025-04-19,Time,The True Story Behind Netflix’s Chilling Dutch Thriller iHostage,https://time.com/7278340/ihostage-netflix-true-story/,General,,
2025-04-19,Newsweek,Braves Fans Can't Believe Yankees Castoff Hit Leadoff in Debut for Atlanta,https://www.newsweek.com/sports/mlb/braves-fans-cant-believe-yankees-castoff-hit-leadoff-debut-atlanta-2061671,General,,
2025-04-19,Newsweek,Judge Boasberg Doesn't Think He Has the 'Power' to Block Trump Deportations,https://www.newsweek.com/judge-boasberg-lacks-power-trump-deportations-ruling-2061668,General,,
2025-04-19,Newsweek,Trump Admin Prepared to Recognize Crimea as Russian Territory: Report,https://www.newsweek.com/trump-russia-ukraine-crimea-report-2061658,General,,
2025-04-19,Newsweek,"How to Watch Mavericks vs. Grizzlies: Live Stream NBA Play-In Tournament, TV Channel",https://www.newsweek.com/sports/nba/how-watch-mavericks-vs-grizzlies-live-stream-nba-play-tournament-tv-channel-2061665,General,,
2025-04-19,Newsweek,"How to Watch Dodgers vs Rangers: Live Stream MLB, TV Channel",https://www.newsweek.com/sports/mlb/how-watch-dodgers-vs-rangers-live-stream-mlb-tv-channel-2061363,General,,
2025-04-19,Newsweek,Kyle Larson Fires Shots at Ty Gibbs For Cup Series Win Drought,https://www.newsweek.com/sports/racing/kyle-larson-fires-shots-ty-gibbs-cup-series-win-drought-2061433,General,,
2025-04-19,Newsweek,BetMGM Bonus Code NEWSWEEK1500: Claim $150 NBA Playoffs Promo Friday,https://www.newsweek.com/sports/betting/betmgm-bonus-code-newsweek1500-claim-150-nba-playoffs-promo-friday-2061554,General,,
2025-04-19,Newsweek,"How to Watch Memphis Showboats vs Michigan Panthers: Live Stream UFL, TV Channel",https://www.newsweek.com/how-watch-memphis-showboats-vs-michigan-panthers-live-stream-ufl-tv-channel-2060880,General,,
2025-04-19,Newsweek,Bet365 Bonus Code WEEK365: Get $150 Bonus as NBA Playoffs Open This Weekend,https://www.newsweek.com/sports/betting/bet365-bonus-code-week365-get-150-bonus-nba-playoffs-open-this-weekend-2061548,General,,
2025-04-19,Newsweek,"How to Watch BKFC Fight Night: Omaha, Cochrane vs. Edwards: Live Stream, TV Channel",https://www.newsweek.com/sports/how-watch-bkfc-fight-night-omaha-cochrane-vs-edwards-live-stream-tv-channel-2061663,General,,
2025-04-19,The Atlantic,Laughing in the Face of ‘Overwhelming Malice’,https://www.theatlantic.com/newsletters/archive/2025/04/dark-humor-trump-presidency/682517/?utm_source=feed,General,,
2025-04-19,The Atlantic,Britain Rules on What a Woman Is,https://www.theatlantic.com/ideas/archive/2025/04/britain-rules-woman-supreme-court/682511/?utm_source=feed,General,,
2025-04-19,The Atlantic,The Curse of ChatGPT,https://www.theatlantic.com/newsletters/archive/2025/04/was-chatgpt-the-worst-thing-to-happen-to-openai/682509/?utm_source=feed,General,,
2025-04-19,The Atlantic,The Conservative Case for Leaving Harvard Alone,https://www.theatlantic.com/ideas/archive/2025/04/harvard-trump-irs-nonprofit/682507/?utm_source=feed,General,,
2025-04-19,The Atlantic,"The Gleeful, Chaotic World of Underground Comics",https://www.theatlantic.com/newsletters/archive/2025/04/the-gleeful-chaotic-world-of-underground-comics/682504/?utm_source=feed,General,,
2025-04-19,The Atlantic,About That ‘Possible Sign of Life’ on a Distant Planet,https://www.theatlantic.com/science/archive/2025/04/k2-18b-possible-sign-of-life/682505/?utm_source=feed,General,,
2025-04-19,The Atlantic,Trump Is Flirting With Economic Disaster,https://www.theatlantic.com/economy/archive/2025/04/trump-fed-economic-disaster/682506/?utm_source=feed,General,,
2025-04-19,The Atlantic,The Lies About Josh Shapiro Have Consequences,https://www.theatlantic.com/politics/archive/2025/04/josh-shapiro-attempted-assessination/682503/?utm_source=feed,General,,
2025-04-19,The Atlantic,The Harem of Elon Musk,https://www.theatlantic.com/ideas/archive/2025/04/elon-musk-fatherhood/682502/?utm_source=feed,General,,
2025-04-19,The Atlantic,The Triumph of a Film That Flips on Us Halfway In,https://www.theatlantic.com/culture/archive/2025/04/sinners-ryan-coogler-movie-review/682501/?utm_source=feed,General,,
2025-04-19,Sky News,'You can't move on': Why families are facing agonising waits to bury their loved ones,https://news.sky.com/story/funeral-delays-bereaved-family-faces-stressful-time-after-eight-week-wait-13350451,General,,
2025-04-19,Sky News,Boys won't talk to teacher 'because she's a woman' - as 'Andrew Tate phenomena' sweeps Britain's schools,https://news.sky.com/story/andrew-tate-phenomena-surges-in-schools-with-boys-refusing-to-talk-to-female-teacher-13351203,General,,
2025-04-19,Sky News,Trump: Putin not playing me - but I might give up on peace talks,https://news.sky.com/story/trump-threatens-to-take-a-pass-on-ukraine-peace-talks-13351475,General,,
2025-04-19,Sky News,How Japan could shape the future of the NHS,https://news.sky.com/story/how-japan-could-shape-the-future-of-the-nhs-13351481,General,,
2025-04-19,Sky News,"Sausage brandisher, rollercoaster rider&#8230;. vote winner?",https://news.sky.com/story/the-lib-dems-want-to-be-the-nice-guys-of-politics-but-is-that-what-voters-want-13351478,General,,
2025-04-19,Sky News,Senator who met wrongly deported man says photos of pair with margaritas are staged,https://news.sky.com/story/democrat-senator-chris-van-hollen-who-met-wrongly-deported-man-kilmar-abrego-garcia-says-photos-of-pair-with-margaritas-are-staged-13351466,General,,
2025-04-19,Sky News,At least 148 people die after boat catches fire in Congo,https://news.sky.com/story/at-least-148-people-die-after-boat-catches-fire-in-congo-13351462,General,,
2025-04-19,Sky News,'Raise a glass': Pub hours extended for 80th VE Day celebrations,https://news.sky.com/story/pub-hours-extended-for-80th-ve-day-celebrations-in-may-13351071,General,,
2025-04-19,Sky News,PM and Trump step up trade talks - as chancellor warns it's 'foolish' not to engage with China,https://news.sky.com/story/pm-and-trump-step-up-trade-talks-as-chancellor-warns-its-foolish-not-to-engage-with-china-13351482,World Leaders,,
2025-04-19,Sky News,Dancing woman carried on car bonnet for 30 yards in hit-and-run crash,https://news.sky.com/story/police-appeal-to-find-dancing-woman-who-was-carried-on-car-bonnet-for-30-yards-in-wembley-hit-and-run-crash-13351411,General,,
2025-04-19,BBC News,"Influencers fuelling misogyny in schools, teachers say",https://www.bbc.com/news/articles/crm3x92mpdxo,General,,
2025-04-19,Newsweek,4 Prospects New York Jets Should Avoid With No. 7 Pick In 2025 NFL Draft,https://www.newsweek.com/sports/nfl/4-prospects-new-york-jets-should-avoid-no-7-pick-2025-nfl-draft-2061682,General,,
2025-04-19,Newsweek,Teen Warned of 'Decades Behind Bars' After Tesla Arson Charge,https://www.newsweek.com/teen-warned-decades-behind-bars-after-tesla-arson-charge-2061675,General,,
2025-04-19,Sky News,"Sausage brandisher, rollercoaster rider&#8230; vote winner?",https://news.sky.com/story/the-lib-dems-want-to-be-the-nice-guys-of-politics-but-is-that-what-voters-want-13351478,General,,
2025-04-19,Sky News,Robots race humans in half-marathon for first time ever,https://news.sky.com/story/china-hosts-worlds-first-half-marathon-race-between-humans-and-robots-13351485,General,,
2025-04-19,Sky News,'Return hubs' get UN backing in boost for potential plans to deport failed asylum seekers,https://news.sky.com/story/return-hubs-get-un-backing-in-boost-for-potential-plans-to-deport-failed-asylum-seekers-13351488,General,,
2025-04-19,Al Jazeera,‘I always come here’: The Indian tea shop that runs on trust,https://www.aljazeera.com/features/2025/4/19/i-always-come-here-the-indian-tea-shop-that-runs-on-trust?traffic_source=rss,General,,
2025-04-19,Fox News,Bill Maher says AOC shouldn't be Democratic nominee in 2028 despite recent hype,https://www.foxnews.com/media/bill-maher-says-aoc-shouldnt-democratic-nominee-2028-despite-recent-hype,General,,
2025-04-19,NBC News,Supreme Court orders Trump administration not to deport Venezuelans for now,https://www.nbcnews.com/politics/supreme-court/supreme-court-orders-trump-administration-not-deport-venezuelans-now-rcna201949,General,,
2025-04-19,NBC News,Judge orders detained Tufts student Rumeysa Öztürk to be transferred back to Vermont,https://www.nbcnews.com/news/us-news/tufts-student-rumeysa-ozturk-rcna201954,General,,
2025-04-19,NBC News,A gunshot tore brothers apart decades ago. The FSU shooting split them up for good,https://www.nbcnews.com/news/us-news/fsu-shooting-victim-robert-morales-rcna201850,General,,
2025-04-19,NBC News,"Survivor, witness describe terror at FSU: 'Yeah, keep running,' the gunman said",https://www.nbcnews.com/news/us-news/survivor-witness-describe-fsu-terror-yeah-keep-running-gunman-said-rcna201946,General,,
2025-04-19,Sky News,"Robots race half-marathon against humans for first time, one falls over",https://news.sky.com/story/china-hosts-worlds-first-half-marathon-race-between-humans-and-robots-13351485,General,,
2025-04-19,NPR,"Supreme Court blocks, for now, new deportations under 18th century wartime law",https://www.npr.org/2025/04/19/g-s1-61385/supreme-court-block-deportations,General,,
2025-04-19,BBC News,Bin strike exposes divide between rich and poor,https://www.bbc.com/news/articles/cx2wpe4pql0o,General,,
2025-04-19,BBC News,The Supreme Court ruling gives clarity - but now comes the difficult part,https://www.bbc.com/news/articles/c74z04j23pwo,General,,
2025-04-19,BBC News,Singer Self Esteem: There were moments I considered giving up,https://www.bbc.com/news/articles/cx250z234n2o,General,,
2025-04-19,Fox News,Supreme Court blocks new deportations of Venezuelans in Texas under 18th century Alien Enemies Act,https://www.foxnews.com/politics/supreme-court-blocks-new-deportations-venezuelans-texas-under-18th-century-alien-enemies-act,General,,
2025-04-19,The Washington Post,"Detained Tufts student must be transferred to Vermont, judge rules",https://www.washingtonpost.com/nation/2025/04/19/judge-tufts-student-rumeysa-ozturk-vermont-ice/,General,,
2025-04-19,ABC News,"Supreme Court blocks, for now, new deportations under Alien Enemies Act",https://abcnews.go.com/US/wireStory/aclu-claims-administration-restarting-deportations-18th-century-wartime-120957485,General,,
2025-04-19,NBC News,Supreme Court orders Trump administration not to deport Venezuelans under Alien Enemies Act for now,https://www.nbcnews.com/politics/supreme-court/supreme-court-orders-trump-administration-not-deport-venezuelans-now-rcna201949,General,,
2025-04-19,NBC News,"Shein, Temu, other Chinese exporters to raise prices due to tariffs",https://www.today.com/video/how-trump-s-tariffs-are-impacting-chinese-production-lines-237699653723,The Global Economy,,
2025-04-19,Newsweek,Rey Mysterio Injured Right Before WrestleMania 41: Report,https://www.newsweek.com/sports/wrestling/rey-mysterio-injured-right-before-wrestlemania-41-report-2061689,General,,
2025-04-19,Sky News,"Margarita photos were staged, says senator pictured with wrongly deported man",https://news.sky.com/story/democrat-senator-chris-van-hollen-who-met-wrongly-deported-man-kilmar-abrego-garcia-says-photos-of-pair-with-margaritas-are-staged-13351466,General,,
2025-04-19,Sky News,Two British siblings killed in Naples cable car crash named,https://news.sky.com/story/two-british-nationals-among-four-killed-after-cable-car-crashed-near-naples-italian-police-say-13350957,General,,
2025-04-19,Sky News,Boost for potential plans to deport failed asylum seekers,https://news.sky.com/story/return-hubs-get-un-backing-in-boost-for-potential-plans-to-deport-failed-asylum-seekers-13351488,General,,
2025-04-19,Sky News,Pub hours extended for VE Day celebrations,https://news.sky.com/story/pub-hours-extended-for-80th-ve-day-celebrations-in-may-13351071,General,,
2025-04-19,BBC News,British couple killed in Naples cable car crash named,https://www.bbc.com/news/articles/c4grkzvlkwno,General,,
2025-04-19,BBC News,US Supreme Court halts deportation of Venezuelans under wartime law,https://www.bbc.com/news/articles/czd3rdjn81lo,General,,
2025-04-19,Al Jazeera,Humans outrun robots at Beijing half-marathon,https://www.aljazeera.com/features/2025/4/19/humans-outrun-robots-at-beijing-half-marathon?traffic_source=rss,General,,
2025-04-19,Fox News,Suspect's 911 call released after arson at PA governor's mansion that appeared to be fueled by war in Gaza,https://www.foxnews.com/us/suspects-911-call-released-after-arson-pa-governors-mansion-appeared-fueled-war-gaza,General,,
2025-04-19,Fox News,"GOP push to make Trump’s 2017 tax cuts permanent, say going back would be a ‘dramatic’ change for many",https://www.foxnews.com/politics/gop-push-make-trumps-2017-tax-cuts-permanent-say-going-back-would-dramatic-change-many,General,,
2025-04-19,Newsweek,Supreme Court Blocks Donald Trump Deportations Under Alien Enemies Act,https://www.newsweek.com/supreme-court-blocks-donald-trump-deportations-alien-enemies-act-2061693,General,,
2025-04-19,Sky News,Man wrongly deported to El Salvador 'traumatised' by mega-prison - as Supreme Court blocks new deportations,https://news.sky.com/story/democrat-senator-chris-van-hollen-who-met-wrongly-deported-man-kilmar-abrego-garcia-says-photos-of-pair-with-margaritas-are-staged-13351466,General,,
2025-04-19,Sky News,Two British nationals killed in Naples cable car crash named,https://news.sky.com/story/two-british-nationals-among-four-killed-after-cable-car-crashed-near-naples-italian-police-say-13350957,General,,
2025-04-19,Al Jazeera,Could an earthquake shift the balance in Myanmar’s civil war?,https://www.aljazeera.com/news/2025/4/19/could-an-earthquake-shift-the-balance-in-myanmars-civil-war?traffic_source=rss,General,,
2025-04-19,Al Jazeera,US Supreme Court orders temporary halt to deportations under antique law,https://www.aljazeera.com/news/2025/4/19/us-supreme-court-orders-temporary-halt-to-deportations-under-antique-law?traffic_source=rss,General,,
2025-04-19,Fox News,Escaped California inmate who killed leader of elite Mexican police unit while on the run has been arrested,https://www.foxnews.com/world/escaped-california-inmate-who-killed-leader-elite-mexican-police-unit-while-run-has-been-arrested,General,,
2025-04-19,Fox News,Oklahoma City bombing survivor was ‘getting ready to die’ after being trapped in 10 feet of rubble,https://www.foxnews.com/us/oklahoma-city-bombing-survivor-getting-ready-die-being-trapped-10-feet-rubble,General,,
2025-04-19,Fox News,'Dukes of Hazzard' actor protected co-star Catherine Bach on rise to sex symbol fame,https://www.foxnews.com/entertainment/dukes-hazzard-actor-protected-co-star-catherine-bach-rise-sex-symbol-fame,General,,
2025-04-19,Fox News,Menendez brothers could get freedom under California law signed by Gavin Newsom: expert,https://www.foxnews.com/us/menendez-brothers-could-get-freedom-under-california-law-signed-gavin-newsom-expert,General,,
2025-04-19,Fox News,WWE stars share advice for new crop of female talent preparing to take stage at NXT Stand & Deliver,https://www.foxnews.com/sports/wwe-stars-share-advice-next-crop-female-talent-theyre-set-take-stage-nxt-stand-deliver,General,,
2025-04-19,Fox News,Orange Crush 2025: Georgia vacation town braces for mayhem as crime-filled beach fest returns,https://www.foxnews.com/us/orange-crush-2025-georgia-vacation-town-braces-mayhem-crime-filled-beach-fest-returns,General,,
2025-04-19,Fox News,Looming REAL ID deadline causes chaos at DMVs as critics take to social media,https://www.foxnews.com/travel/looming-real-id-deadline-causes-chaos-dmvs-critics-take-social-media,General,,
2025-04-19,Fox News,Iran’s long trail of deception fuels skepticism over new nuclear deal as talks continue,https://www.foxnews.com/world/irans-long-trail-deception-fuels-skepticism-over-new-nuclear-deal-talks-continue,General,,
2025-04-19,CBS News,"Apr 18: CBS News 24/7, 4pm ET",https://www.cbsnews.com/video/041825-cbs-news-247-episode-3/,General,,
2025-04-19,Newsweek,America's Looming Food Bank Crisis,https://www.newsweek.com/americas-looming-food-bank-crisis-2060852,General,,
2025-04-19,Newsweek,Donald Trump Could Struggle to Force Europe's Hand on China,https://www.newsweek.com/us-china-relations-europe-2060288,General,,
2025-04-19,Sky News,Sports rights veteran Kogan in talks to chair Starmer's football watchdog,https://news.sky.com/story/sports-rights-veteran-kogan-in-talks-to-chair-starmers-football-watchdog-13351501,General,,
2025-04-19,NPR,Chinese manufacturers on TikTok claim they make the world's luxury goods. Is that true?,https://www.npr.org/2025/04/18/nx-s1-5366058/chinese-manufacturers-luxury-goods,General,,
2025-04-19,BBC News,US Supreme Court halts deportation of detained Venezuelans,https://www.bbc.com/news/articles/czd3rdjn81lo,General,,
2025-04-19,BBC News,Why everyone is suddenly so interested in US bond markets,https://www.bbc.com/news/articles/cvg838qq7zqo,General,,
2025-04-19,Al Jazeera,Tunisian court hands opposition figures lengthy jail terms,https://www.aljazeera.com/news/2025/4/19/tunisian-court-hands-opposition-figures-lengthy-jail?traffic_source=rss,General,,
2025-04-19,Fox News,Rey Mysterio vows to unmask El Grande Americano at WrestleMania 41,https://www.foxnews.com/sports/rey-mysterio-vows-unmask-el-grande-americano-wrestlemania-41,General,,
2025-04-19,Fox News,"Measles outbreaks now declared in 8 states, including Michigan's first in 5 years",https://www.foxnews.com/health/measles-outbreaks-now-declared-8-states-including-michigans-first-5-years,General,,
2025-04-19,Fox News,"‘Minecraft’ movie mayhem raises alarms for America's youth, ‘bad for society’: expert",https://www.foxnews.com/entertainment/minecraft-movie-mayhem-raises-alarms-americas-youth-bad-society-expert,General,,
2025-04-19,ABC News,3 dead after plane crashes into Nebraska river,https://abcnews.go.com/US/3-dead-after-plane-crashes-nebraska-river/story?id=120970144,General,,
2025-04-19,Newsweek,Trump's Reported Plan to Recognize Crimea as Russian Sparks Fury,https://www.newsweek.com/russia-ukraine-crimea-trump-2061694,General,,
2025-04-19,Newsweek,Map Reveals Best States to See Lyrid Meteor Shower This Weekend,https://www.newsweek.com/map-reveals-best-states-see-lyrid-meteor-shower-weekend-2061070,General,,
2025-04-19,Newsweek,Why Couples Don't Need Passion To Survive,https://www.newsweek.com/why-couples-dont-need-passion-survive-2060839,General,,
2025-04-19,Newsweek,Does Kilmar Abrego Garcia Have 'MS-13' Tattooed on His Hand? What We Know,https://www.newsweek.com/kilmar-abrego-garcia-ms13-gang-tattoos-hand-2061696,General,,
